{
  "score": 66.9142857142857,
  "rating": "greed",
  "timestamp": "2026-05-08T23:59:55Z",
  "previous_close": 67.5714285714286,
  "previous_1_week": 71.17142857142856,
  "previous_1_month": 29.171428571428574,
  "previous_1_year": 57.65714285714286
}